issuer,sector,trade_date,settlement_date,currency,size_m,size_usd_m,coupon_pct,coupon_type,maturity_date,first_call_date,tenor_years,pricing_tenor_years,tenor_bucket,benchmark,benchmark_type,spread_bps,yield_pct,issue_price_pct,rating_moodys,rating_sp,rating_fitch,composite_rating,rating_score,grade,seniority,bookrunners,use_of_proceeds,pricing_quote,source_file,source_url,flags
"Provident Financial Services, Inc.",Financials,2026-08-20,2026-08-24,USD,175.0,175.0,6.5,fixed-to-floating,2036-09-01,2031-09-01,10.02,5.02,5y,Three-Month Term SOFR,SOFR,239.0,,100.0,,,,,,Unrated,subordinated,"Piper Sandler & Co.; Keefe, Bruyette & Woods, Inc.","The Company intends to use the net proceeds from this offering to repay $150 million of outstanding 2.875% Fixed-to-Floating Rate Subordinated Notes due 2031 and $20 million of outstanding variable rate Junior Subordinated Notes due 2033, plus accrued interest, and for general corporate purposes.",A floating rate per annum equal to the Benchmark rate (which is expected to be Three-Month Term SOFR) plus 239 basis points,2026-08-20_provident-financial-services-inc_0001552781-26-000458.txt,https://www.sec.gov/Archives/edgar/data/1178970/000155278126000458/e26359_pfs-fwp.htm,
"Banco Bilbao Vizcaya Argentaria, S.A.",Financials,2026-08-25,2026-09-03,USD,1000.0,1000.0,4.977,fixed,2029-09-03,,3.0,3.0,1-3y,"UST 4.250% due August 15, 2029",UST,73.0,4.977,100.0,Baa1,A-,A-,A-,7.0,IG,senior non-preferred,"BBVA Securities Inc.; BMO Capital Markets Corp.; Citigroup Global Markets Inc.; RBC Capital Markets, LLC; SG Americas Securities, LLC; Wells Fargo Securities, LLC",General corporate purposes,UST+ 73 bps,2026-08-25_banco-bilbao-vizcaya-argentaria-s-a_0001104659-26-100878.txt,https://www.sec.gov/Archives/edgar/data/842180/000110465926100878/tm2621607d3_fwp.htm,
"Banco Bilbao Vizcaya Argentaria, S.A.",Financials,2026-08-25,2026-09-03,USD,300.0,300.0,,floating,2029-09-03,,3.0,3.0,1-3y,Compounded SOFR + 89 bps,SOFR,89.0,,100.0,Baa1,A-,A-,A-,7.0,IG,senior non-preferred,"BBVA Securities Inc.; BMO Capital Markets Corp.; Citigroup Global Markets Inc.; RBC Capital Markets, LLC; SG Americas Securities, LLC; Wells Fargo Securities, LLC",General corporate purposes,Compounded SOFR plus a margin of 89 basis points,2026-08-25_banco-bilbao-vizcaya-argentaria-s-a_0001104659-26-100878.txt,https://www.sec.gov/Archives/edgar/data/842180/000110465926100878/tm2621607d3_fwp.htm,
"Banco Bilbao Vizcaya Argentaria, S.A.",Financials,2026-08-25,2026-09-03,USD,1000.0,1000.0,5.244,fixed,2031-09-03,,5.0,5.0,5y,"UST 4.375% due July 31, 2031",UST,90.0,5.244,100.0,Baa1,A-,A-,A-,7.0,IG,senior non-preferred,"BBVA Securities Inc.; BMO Capital Markets Corp.; Citigroup Global Markets Inc.; RBC Capital Markets, LLC; SG Americas Securities, LLC; Wells Fargo Securities, LLC",General corporate purposes,UST+ 90 bps,2026-08-25_banco-bilbao-vizcaya-argentaria-s-a_0001104659-26-100878.txt,https://www.sec.gov/Archives/edgar/data/842180/000110465926100878/tm2621607d3_fwp.htm,
Bank of Montreal,Financials,2026-09-01,2026-09-04,USD,1250.0,1250.0,5.099,fixed-to-floating,2030-09-04,2029-09-04,4.0,3.0,1-3y,"UST 4.250% due August 15, 2029",UST,65.0,5.099,100.0,,,,,,Unrated,senior unsecured,"BMO Capital Markets Corp.; BofA Securities, Inc.; Deutsche Bank Securities Inc.; Natixis Securities Americas LLC; SG Americas Securities, LLC; Wells Fargo Securities, LLC",,T + 65 basis points,2026-09-01_bank-of-montreal-can_0001193125-26-378499.txt,https://www.sec.gov/Archives/edgar/data/927971/000119312526378499/d530782dfwp.htm,
"Sumitomo Mitsui Financial Group, Inc.",Financials,2026-09-01,2026-09-10,USD,500.0,500.0,6.95,fixed-to-floating,,2036-12-05,,10.24,10y,Interpolated U.S. Treasury yield (5-year),UST,214.3,6.952,100.0,Baa3,BB+,,BB+,11.0,HY,subordinated,"SMBC Nikko Securities America, Inc.; Goldman Sachs & Co. LLC; BofA Securities, Inc.; J.P. Morgan Securities LLC; Jefferies LLC","SMFG intends to use the net proceeds of the offering to extend a perpetual subordinated loan, intended to qualify as Additional Tier 1 Capital and internal TLAC, to Sumitomo Mitsui Banking Corporation (SMBC) and SMBC intends to use the proceeds of the loan for general corporate purposes.",T+214.3 bps,2026-09-02_sumitomo-mitsui-financial-group-inc_0001193125-26-379272.txt,https://www.sec.gov/Archives/edgar/data/1022837/000119312526379272/d177069dfwp.htm,
Aktiebolaget Svensk Exportkredit (publ),Government & Agency,2026-09-03,2026-09-11,USD,1250.0,1250.0,4.5,fixed,2031-06-11,,4.75,4.75,5y,"UST 4.375% due August 31, 2031",UST,22.5,4.6,99.584,,,,,,Unrated,senior unsecured,Barclays Bank Ireland PLC; BNP PARIBAS; BofA Securities Europe SA; Scotiabank (Ireland) Designated Activity Company,,Re-Offer Yield: 4.600% (semi-annual),2026-09-03_swedish-export-credit-corp-swed_0001104659-26-105032.txt,https://www.sec.gov/Archives/edgar/data/352960/000110465926105032/tm2624783d1_fwp.htm,
HSBC Holdings plc,Financials,2026-09-03,2026-09-11,GBP,750.0,1002.9,6.061,fixed-to-floating,2035-09-11,2034-09-11,9.0,8.0,7y,"UKT 4.500% due September 7, 2034",Gilt,103.0,6.061,100.0,A3,A-,A+,A-,7.0,IG,senior unsecured,HSBC Bank plc,,UKT + 103 basis points,2026-09-03_hsbc-holdings-plc_0001628280-26-060298.txt,https://www.sec.gov/Archives/edgar/data/1089113/000162828026060298/hsbc-pricingtermsheetfixed.htm,
Ameren Corporation,Utilities,2026-09-08,2026-09-18,USD,900.0,900.0,6.45,fixed-to-floating,2057-03-15,2032-03-15,30.49,5.49,5y,Five-Year Treasury Rate,UST,186.8,,100.0,Baa2,BBB-,,BBB-,10.0,IG,junior subordinated,"Barclays Capital Inc.; BofA Securities, Inc.; J.P. Morgan Securities LLC; Morgan Stanley & Co. LLC; MUFG Securities Americas Inc.; Truist Securities, Inc.; PNC Capital Markets LLC; Scotia Capital (USA) Inc.",,"Interest Rate: (i) from and including the date of original issuance to but excluding March 15, 2032 at an annual rate of 6.450% and (ii) from and including March 15, 2032 during each Interest Reset Period at an annual rate equal to the Five-Year Treasury Rate as of the most recent Reset Interest Determination Date, plus 1.868%",2026-09-08_ameren-corp_0001104659-26-105954.txt,https://www.sec.gov/Archives/edgar/data/1002910/000110465926105954/tm2624861d3_fwp.htm,
Ares Capital Corporation,Financials,2026-09-08,2026-09-15,USD,750.0,750.0,6.25,fixed,2033-09-15,2033-07-15,7.0,7.0,7y,"UST 4.500% due August 31, 2033",UST,185.0,6.527,98.463,Baa2,BBB,BBB,BBB,9.0,IG,senior unsecured,"BofA Securities, Inc.; J.P. Morgan Securities LLC; RBC Capital Markets, LLC; SMBC Nikko Securities America, Inc.; Wells Fargo Securities, LLC; Barclays Capital Inc.; CIBC World Markets Corp.; Mizuho Securities USA LLC; MUFG Securities Americas Inc.; TD Securities (USA) LLC; Truist Securities, Inc.; U.S. Bancorp Investments, Inc.",,Spread to Benchmark Treasury +185 basis points,2026-09-08_ares-capital-corp_0001104659-26-105959.txt,https://www.sec.gov/Archives/edgar/data/1287750/000110465926105959/tm2624665d3_fwp.htm,
"Autodesk, Inc.",Technology,2026-09-08,2026-09-10,USD,500.0,500.0,5.05,fixed,2029-09-15,2029-08-15,3.01,3.01,1-3y,"UST 4.250% due August 15, 2029",UST,63.0,5.097,99.869,A3,BBB+,,BBB+,8.0,IG,senior unsecured,"Morgan Stanley & Co. LLC; BNP Paribas Securities Corp.; Citigroup Global Markets Inc.; BofA Securities, Inc.; U.S. Bancorp Investments, Inc.",,T+63 basis points,2026-09-09_autodesk-inc_0001193125-26-385562.txt,https://www.sec.gov/Archives/edgar/data/769397/000119312526385562/d103570dfwp.htm,
"Autodesk, Inc.",Technology,2026-09-08,2026-09-10,USD,500.0,500.0,5.65,fixed,2033-09-15,2033-07-15,7.01,7.01,7y,"UST 4.500% due August 31, 2033",UST,100.0,5.677,99.844,A3,BBB+,,BBB+,8.0,IG,senior unsecured,"Morgan Stanley & Co. LLC; BNP Paribas Securities Corp.; Citigroup Global Markets Inc.; BofA Securities, Inc.; U.S. Bancorp Investments, Inc.",,T+100 basis points,2026-09-09_autodesk-inc_0001193125-26-385562.txt,https://www.sec.gov/Archives/edgar/data/769397/000119312526385562/d103570dfwp.htm,
Bank of Montreal,Financials,2026-09-08,2026-09-16,USD,1000.0,1000.0,7.375,fixed-to-floating,2086-11-26,2036-11-26,60.19,10.2,10y,"UST 4.625% due August 15, 2036",UST,257.9,7.375,100.0,Baa3,BBB-,,BBB-,10.0,IG,subordinated,BMO Capital Markets Corp.; Barclays Capital Inc.; Citigroup Global Markets Inc.; Goldman Sachs & Co. LLC; Morgan Stanley & Co. LLC; UBS Securities LLC,"Net proceeds will be contributed to the general funds of the Bank and utilized for general banking purposes, which may include redemption of outstanding capital securities and/or repayment of other outstanding liabilities, and are expected to qualify as Additional Tier 1 capital.",Initial Re-Offer Spread to Benchmark Treasury: +257.9 bps; Initial Re-Offer Yield: 7.375%,2026-09-08_bank-of-montreal-can_0001193125-26-385387.txt,https://www.sec.gov/Archives/edgar/data/927971/000119312526385387/d109202dfwp.htm,
"Duke Energy Progress, LLC",Utilities,2026-09-08,2026-09-11,USD,700.0,700.0,5.55,fixed,2036-09-15,2036-06-15,10.01,10.01,10y,"UST 4.625% due August 15, 2036",UST,80.0,5.596,99.65,Aa3,A,,A,6.0,IG,senior secured,"BNY Mellon Capital Markets, LLC; MUFG Securities Americas Inc.; PNC Capital Markets LLC; Scotia Capital (USA) Inc.; SMBC Nikko Securities America, Inc.; U.S. Bancorp Investments, Inc.",,Spread to Benchmark Treasury: +80 bps,2026-09-08_duke-energy-progress-llc_0001104659-26-105962.txt,https://www.sec.gov/Archives/edgar/data/17797/000110465926105962/tm2624727d4_fwp.htm,
"Duke Energy Progress, LLC",Utilities,2026-09-08,2026-09-11,USD,300.0,300.0,6.15,fixed,2056-09-15,2056-03-15,30.01,30.01,30y+,"UST 5.000% due May 15, 2056",UST,90.0,6.157,99.904,Aa3,A,,A,6.0,IG,senior secured,"BNY Mellon Capital Markets, LLC; MUFG Securities Americas Inc.; PNC Capital Markets LLC; Scotia Capital (USA) Inc.; SMBC Nikko Securities America, Inc.; U.S. Bancorp Investments, Inc.",,Spread to Benchmark Treasury: +90 bps,2026-09-08_duke-energy-progress-llc_0001104659-26-105962.txt,https://www.sec.gov/Archives/edgar/data/17797/000110465926105962/tm2624727d4_fwp.htm,
GlaxoSmithKline Capital Inc.,Healthcare,2026-09-08,2026-09-15,USD,1250.0,1250.0,4.85,fixed,2029-09-14,2029-08-14,3.0,3.0,1-3y,"4.250% due August 15, 2029",UST,40.0,4.862,99.967,A2,A,,A,6.0,IG,senior unsecured,"BNP Paribas Securities Corp.; BofA Securities, Inc.; Citigroup Global Markets Inc.; J.P. Morgan Securities LLC; Morgan Stanley & Co. LLC; Barclays Capital Inc.; Deutsche Bank Securities Inc.; Goldman Sachs & Co. LLC; HSBC Securities (USA) Inc.; Mizuho Securities USA LLC; Santander US Capital Markets LLC; Standard Chartered Bank",,2029 Notes: +40 basis points,2026-09-09_gsk-plc_0001193125-26-385857.txt,https://www.sec.gov/Archives/edgar/data/1131399/000119312526385857/d36790dfwp.htm,
GlaxoSmithKline Capital Inc.,Healthcare,2026-09-08,2026-09-15,USD,500.0,500.0,,floating,2029-09-14,,3.0,3.0,1-3y,SOFR,SOFR,56.0,,100.0,A2,A,,A,6.0,IG,senior unsecured,"BNP Paribas Securities Corp.; BofA Securities, Inc.; Citigroup Global Markets Inc.; J.P. Morgan Securities LLC; Morgan Stanley & Co. LLC; Barclays Capital Inc.; Deutsche Bank Securities Inc.; Goldman Sachs & Co. LLC; HSBC Securities (USA) Inc.; Mizuho Securities USA LLC; Santander US Capital Markets LLC; Standard Chartered Bank",,Compounded SOFR plus 0.560%,2026-09-09_gsk-plc_0001193125-26-385857.txt,https://www.sec.gov/Archives/edgar/data/1131399/000119312526385857/d36790dfwp.htm,
GlaxoSmithKline Capital Inc.,Healthcare,2026-09-08,2026-09-15,USD,1250.0,1250.0,5.0,fixed,2031-09-15,2031-08-15,5.0,5.0,5y,"4.375% due August 31, 2031",UST,55.0,5.111,99.516,A2,A,,A,6.0,IG,senior unsecured,"BNP Paribas Securities Corp.; BofA Securities, Inc.; Citigroup Global Markets Inc.; J.P. Morgan Securities LLC; Morgan Stanley & Co. LLC; Barclays Capital Inc.; Deutsche Bank Securities Inc.; Goldman Sachs & Co. LLC; HSBC Securities (USA) Inc.; Mizuho Securities USA LLC; Santander US Capital Markets LLC; Standard Chartered Bank",,2031 Notes: +55 basis points,2026-09-09_gsk-plc_0001193125-26-385857.txt,https://www.sec.gov/Archives/edgar/data/1131399/000119312526385857/d36790dfwp.htm,
GlaxoSmithKline Capital Inc.,Healthcare,2026-09-08,2026-09-15,USD,1500.0,1500.0,5.25,fixed,2033-09-15,2033-07-15,7.0,7.0,7y,"4.500% due August 31, 2033",UST,60.0,5.271,99.878,A2,A,,A,6.0,IG,senior unsecured,"BNP Paribas Securities Corp.; BofA Securities, Inc.; Citigroup Global Markets Inc.; J.P. Morgan Securities LLC; Morgan Stanley & Co. LLC; Barclays Capital Inc.; Deutsche Bank Securities Inc.; Goldman Sachs & Co. LLC; HSBC Securities (USA) Inc.; Mizuho Securities USA LLC; Santander US Capital Markets LLC; Standard Chartered Bank",,2033 Notes: +60 basis points,2026-09-09_gsk-plc_0001193125-26-385857.txt,https://www.sec.gov/Archives/edgar/data/1131399/000119312526385857/d36790dfwp.htm,
GlaxoSmithKline Capital Inc.,Healthcare,2026-09-08,2026-09-15,USD,1500.0,1500.0,5.5,fixed,2036-09-15,2036-06-15,10.0,10.0,10y,"4.625% due August 15, 2036",UST,72.0,5.514,99.893,A2,A,,A,6.0,IG,senior unsecured,"BNP Paribas Securities Corp.; BofA Securities, Inc.; Citigroup Global Markets Inc.; J.P. Morgan Securities LLC; Morgan Stanley & Co. LLC; Barclays Capital Inc.; Deutsche Bank Securities Inc.; Goldman Sachs & Co. LLC; HSBC Securities (USA) Inc.; Mizuho Securities USA LLC; Santander US Capital Markets LLC; Standard Chartered Bank",,2036 Notes: +72 basis points,2026-09-09_gsk-plc_0001193125-26-385857.txt,https://www.sec.gov/Archives/edgar/data/1131399/000119312526385857/d36790dfwp.htm,
GlaxoSmithKline Capital Inc.,Healthcare,2026-09-08,2026-09-15,USD,500.0,500.0,6.0,fixed,2056-09-15,2056-03-15,30.0,30.0,30y+,"5.000% due May 15, 2056",UST,80.0,6.053,99.271,A2,A,,A,6.0,IG,senior unsecured,"BNP Paribas Securities Corp.; BofA Securities, Inc.; Citigroup Global Markets Inc.; J.P. Morgan Securities LLC; Morgan Stanley & Co. LLC; Barclays Capital Inc.; Deutsche Bank Securities Inc.; Goldman Sachs & Co. LLC; HSBC Securities (USA) Inc.; Mizuho Securities USA LLC; Santander US Capital Markets LLC; Standard Chartered Bank",,2056 Notes: +80 basis points,2026-09-09_gsk-plc_0001193125-26-385857.txt,https://www.sec.gov/Archives/edgar/data/1131399/000119312526385857/d36790dfwp.htm,
"Mizuho Financial Group, Inc.",Financials,2026-09-08,2026-09-14,USD,1000.0,1000.0,7.05,fixed-to-floating,,2036-12-15,,10.25,10y,"10-year U.S. Treasury, 4.625% due August 15, 2036",UST,225.5,7.05,100.0,Ba1,BB+,,BB+,11.0,HY,subordinated,"Mizuho Securities USA LLC; J.P. Morgan Securities LLC; BofA Securities, Inc.; CIBC World Markets Corp.; SG Americas Securities, LLC","The Issuer intends to use the net proceeds to make a perpetual subordinated loan to Mizuho Bank, Ltd. intended to qualify as Additional Tier 1 Capital and Internal TLAC.",Spread to Treasury Benchmark: 225.5 basis points / Reoffer Yield: 7.050%,2026-09-09_mizuho-financial-group-inc_0001193125-26-385829.txt,https://www.sec.gov/Archives/edgar/data/1335730/000119312526385829/d175326dfwp.htm,
Parker-Hannifin Corporation,Industrials,2026-09-08,2026-09-14,USD,525.0,525.0,4.75,fixed,2028-09-14,,2.0,2.0,1-3y,"4.125% UST due August 31, 2028",UST,35.0,4.75,100.0,A3,BBB+,A-,A-,7.0,IG,senior unsecured,"Barclays Capital Inc.; Citigroup Global Markets Inc.; Morgan Stanley & Co. LLC; Truist Securities, Inc.; Mizuho Securities USA LLC; Wells Fargo Securities, LLC; HSBC Securities (USA) Inc.; BNP Paribas Securities Corp.",,+ 35 bps,2026-09-08_parker-hannifin-corp_0001193125-26-385377.txt,https://www.sec.gov/Archives/edgar/data/76334/000119312526385377/d132695dfwp.htm,
Parker-Hannifin Corporation,Industrials,2026-09-08,2026-09-14,USD,500.0,500.0,4.875,fixed,2029-09-14,2029-08-14,3.0,3.0,1-3y,"4.250% UST due August 15, 2029",UST,42.0,4.896,99.942,A3,BBB+,A-,A-,7.0,IG,senior unsecured,"Barclays Capital Inc.; Citigroup Global Markets Inc.; Morgan Stanley & Co. LLC; Truist Securities, Inc.; Mizuho Securities USA LLC; Wells Fargo Securities, LLC; HSBC Securities (USA) Inc.; BNP Paribas Securities Corp.",,+ 42 bps,2026-09-08_parker-hannifin-corp_0001193125-26-385377.txt,https://www.sec.gov/Archives/edgar/data/76334/000119312526385377/d132695dfwp.htm,
Parker-Hannifin Corporation,Industrials,2026-09-08,2026-09-14,USD,750.0,750.0,5.125,fixed,2031-09-19,2031-08-19,5.01,5.01,5y,"4.375% UST due August 31, 2031",UST,55.0,5.127,99.99,A3,BBB+,A-,A-,7.0,IG,senior unsecured,"Barclays Capital Inc.; Citigroup Global Markets Inc.; Morgan Stanley & Co. LLC; Truist Securities, Inc.; Mizuho Securities USA LLC; Wells Fargo Securities, LLC; HSBC Securities (USA) Inc.; BNP Paribas Securities Corp.",,+ 55 bps,2026-09-08_parker-hannifin-corp_0001193125-26-385377.txt,https://www.sec.gov/Archives/edgar/data/76334/000119312526385377/d132695dfwp.htm,
Parker-Hannifin Corporation,Industrials,2026-09-08,2026-09-14,USD,625.0,625.0,5.3,fixed,2033-09-16,2033-07-16,7.01,7.01,7y,"4.500% UST due August 31, 2033",UST,62.0,5.304,99.976,A3,BBB+,A-,A-,7.0,IG,senior unsecured,"Barclays Capital Inc.; Citigroup Global Markets Inc.; Morgan Stanley & Co. LLC; Truist Securities, Inc.; Mizuho Securities USA LLC; Wells Fargo Securities, LLC; HSBC Securities (USA) Inc.; BNP Paribas Securities Corp.",,+ 62 bps,2026-09-08_parker-hannifin-corp_0001193125-26-385377.txt,https://www.sec.gov/Archives/edgar/data/76334/000119312526385377/d132695dfwp.htm,
Santander UK Group Holdings plc,Financials,2026-09-08,2026-09-15,USD,1500.0,1500.0,5.314,fixed-to-floating,2030-09-15,2029-09-15,4.0,3.0,1-3y,"4.250% UST due August 15, 2029",UST,85.0,5.314,100.0,Baa1,BBB,A,BBB+,8.0,IG,senior unsecured,"Goldman Sachs & Co. LLC; Jefferies LLC; J.P. Morgan Securities LLC; Morgan Stanley & Co. LLC; Santander US Capital Markets LLC; Wells Fargo Securities, LLC",,T+ 85 bps,2026-09-09_santander-uk-group-holdings-plc_0001104659-26-105975.txt,https://www.sec.gov/Archives/edgar/data/1649373/000110465926105975/tm2625029d1_fwp.htm,
Santander UK Group Holdings plc,Financials,2026-09-08,2026-09-15,USD,1000.0,1000.0,6.046,fixed-to-floating,2037-09-15,2036-09-15,11.0,10.0,10y,"UST 4.625% due August 15, 2036",UST,125.0,6.046,100.0,Baa1,BBB,A,BBB+,8.0,IG,senior unsecured,"Goldman Sachs & Co. LLC; Jefferies LLC; J.P. Morgan Securities LLC; Morgan Stanley & Co. LLC; Santander US Capital Markets LLC; Wells Fargo Securities, LLC",,T+ 125 bps,2026-09-09_santander-uk-group-holdings-plc_0001104659-26-105976.txt,https://www.sec.gov/Archives/edgar/data/1649373/000110465926105976/tm2625029d2_fwp.htm,
"The Williams Companies, Inc.",Energy,2026-09-08,2026-09-10,USD,500.0,500.0,5.0,fixed,2029-10-15,2029-09-15,3.1,3.1,1-3y,"UST 4.250% due August 15, 2029",UST,55.0,5.022,99.931,Baa2,BBB+,BBB,BBB,9.0,IG,senior unsecured,"Citigroup Global Markets Inc.; Mizuho Securities USA LLC; Morgan Stanley & Co. LLC; SMBC Nikko Securities America, Inc.","Net proceeds to repay outstanding commercial paper and for other general corporate purposes, including funding capital expenditures.",Spread to Benchmark Treasury: 55 bps,2026-09-09_williams-companies-inc_0001193125-26-385621.txt,https://www.sec.gov/Archives/edgar/data/107263/000119312526385621/d41068dfwp.htm,
"The Williams Companies, Inc.",Energy,2026-09-08,2026-09-10,USD,1000.0,1000.0,5.6,fixed,2033-09-15,2033-07-15,7.01,7.01,7y,"UST 4.500% due August 31, 2033",UST,92.0,5.6,99.999,Baa2,BBB+,BBB,BBB,9.0,IG,senior unsecured,"Citigroup Global Markets Inc.; Mizuho Securities USA LLC; Morgan Stanley & Co. LLC; SMBC Nikko Securities America, Inc.","Net proceeds to repay outstanding commercial paper and for other general corporate purposes, including funding capital expenditures.",Spread to Benchmark Treasury: 92 bps,2026-09-09_williams-companies-inc_0001193125-26-385621.txt,https://www.sec.gov/Archives/edgar/data/107263/000119312526385621/d41068dfwp.htm,
"The Williams Companies, Inc.",Energy,2026-09-08,2026-09-10,USD,750.0,750.0,5.8,fixed,2036-09-15,2036-06-15,10.02,10.02,10y,"UST 4.625% due August 15, 2036",UST,102.0,5.824,99.819,Baa2,BBB+,BBB,BBB,9.0,IG,senior unsecured,"Citigroup Global Markets Inc.; Mizuho Securities USA LLC; Morgan Stanley & Co. LLC; SMBC Nikko Securities America, Inc.","Net proceeds to repay outstanding commercial paper and for other general corporate purposes, including funding capital expenditures.",Spread to Benchmark Treasury: 102 bps,2026-09-09_williams-companies-inc_0001193125-26-385621.txt,https://www.sec.gov/Archives/edgar/data/107263/000119312526385621/d41068dfwp.htm,
"The Williams Companies, Inc.",Energy,2026-09-08,2026-09-10,USD,500.0,500.0,6.4,fixed,2056-09-15,2056-03-15,30.02,30.02,30y+,"UST 5.000% due May 15, 2056",UST,115.0,6.415,99.8,Baa2,BBB+,BBB,BBB,9.0,IG,senior unsecured,"Citigroup Global Markets Inc.; Mizuho Securities USA LLC; Morgan Stanley & Co. LLC; SMBC Nikko Securities America, Inc.","Net proceeds to repay outstanding commercial paper and for other general corporate purposes, including funding capital expenditures.",Spread to Benchmark Treasury: 115 bps,2026-09-09_williams-companies-inc_0001193125-26-385621.txt,https://www.sec.gov/Archives/edgar/data/107263/000119312526385621/d41068dfwp.htm,
Ally Financial Inc.,Financials,2026-09-09,2026-09-16,USD,750.0,750.0,5.525,fixed-to-floating,2030-09-16,2029-09-16,4.0,3.0,1-3y,"UST 4.250% due August 15, 2029",UST,102.0,5.525,100.0,Baa3,BBB-,BBB-,BBB-,10.0,IG,senior unsecured,"BofA Securities, Inc.; J.P. Morgan Securities LLC; TD Securities (USA) LLC; Wells Fargo Securities, LLC",,Spread to Benchmark Treasury: T+102 bps,2026-09-09_ally-financial-inc_0001193125-26-386573.txt,https://www.sec.gov/Archives/edgar/data/40729/000119312526386573/d185184dfwp.htm,
"Amazon.com, Inc.",Consumer,2026-09-09,2026-09-14,GBP,1250.0,1671.5,5.2,fixed,2029-09-14,2029-08-14,3.0,3.0,1-3y,"UKT 4.125% due July 22, 2029",Gilt,53.0,5.211,99.97,A1,AA,AA-,AA-,4.0,IG,senior unsecured,"Barclays Bank PLC; HSBC Bank plc; J.P. Morgan Securities plc; NatWest Markets Plc; Citigroup Global Markets Limited; Merrill Lynch International; Wells Fargo Securities International Limited; Deutsche Bank AG, London Branch; BNP PARIBAS; Goldman Sachs & Co. LLC; Morgan Stanley & Co. International plc; RBC Europe Limited; Société Générale; TD Global Finance unlimited company; The Bank of Nova Scotia, London Branch",,"2029 Notes: + 53 bps spread to UKT 4.125% due July 22, 2029 with yield to maturity 5.211%",2026-09-09_amazon-com-inc_0001104659-26-106322.txt,https://www.sec.gov/Archives/edgar/data/1018724/000110465926106322/tm2624614d4_fwp.htm,
"Amazon.com, Inc.",Consumer,2026-09-09,2026-09-14,GBP,1000.0,1337.2,5.55,fixed,2032-09-14,2032-07-14,6.0,6.0,7y,"UKT 4.250% due June 7, 2032",Gilt,75.0,5.561,99.945,A1,AA,AA-,AA-,4.0,IG,senior unsecured,"Barclays Bank PLC; HSBC Bank plc; J.P. Morgan Securities plc; NatWest Markets Plc; Citigroup Global Markets Limited; Merrill Lynch International; Wells Fargo Securities International Limited; Deutsche Bank AG, London Branch; BNP PARIBAS; Goldman Sachs & Co. LLC; Morgan Stanley & Co. International plc; RBC Europe Limited; Société Générale; TD Global Finance unlimited company; The Bank of Nova Scotia, London Branch",,"2032 Notes: + 75 bps spread to UKT 4.250% due June 7, 2032 with yield to maturity 5.561%",2026-09-09_amazon-com-inc_0001104659-26-106322.txt,https://www.sec.gov/Archives/edgar/data/1018724/000110465926106322/tm2624614d4_fwp.htm,
"Amazon.com, Inc.",Consumer,2026-09-09,2026-09-14,GBP,1000.0,1337.2,6.25,fixed,2038-09-14,2038-06-14,12.0,12.0,10y,"UKT 3.750% due January 29, 2038",Gilt,90.0,6.277,99.775,A1,AA,AA-,AA-,4.0,IG,senior unsecured,"Barclays Bank PLC; HSBC Bank plc; J.P. Morgan Securities plc; NatWest Markets Plc; Citigroup Global Markets Limited; Merrill Lynch International; Wells Fargo Securities International Limited; Deutsche Bank AG, London Branch; BNP PARIBAS; Goldman Sachs & Co. LLC; Morgan Stanley & Co. International plc; RBC Europe Limited; Société Générale; TD Global Finance unlimited company; The Bank of Nova Scotia, London Branch",,"2038 Notes: + 90 bps spread to UKT 3.750% due January 29, 2038 with yield to maturity 6.277%",2026-09-09_amazon-com-inc_0001104659-26-106322.txt,https://www.sec.gov/Archives/edgar/data/1018724/000110465926106322/tm2624614d4_fwp.htm,
"Amazon.com, Inc.",Consumer,2026-09-09,2026-09-14,GBP,1000.0,1337.2,6.65,fixed,2045-09-14,2045-03-14,19.0,19.0,20y,"UKT 3.500% due January 22, 2045",Gilt,93.0,6.691,99.563,A1,AA,AA-,AA-,4.0,IG,senior unsecured,"Barclays Bank PLC; HSBC Bank plc; J.P. Morgan Securities plc; NatWest Markets Plc; Citigroup Global Markets Limited; Merrill Lynch International; Wells Fargo Securities International Limited; Deutsche Bank AG, London Branch; BNP PARIBAS; Goldman Sachs & Co. LLC; Morgan Stanley & Co. International plc; RBC Europe Limited; Société Générale; TD Global Finance unlimited company; The Bank of Nova Scotia, London Branch",,"2045 Notes: + 93 bps spread to UKT 3.500% due January 22, 2045 with yield to maturity 6.691%",2026-09-09_amazon-com-inc_0001104659-26-106322.txt,https://www.sec.gov/Archives/edgar/data/1018724/000110465926106322/tm2624614d4_fwp.htm,
Dell International L.L.C. and EMC Corporation,Technology,2026-09-09,2026-09-15,USD,1250.0,1250.0,5.1,fixed,2029-09-15,2029-08-15,3.0,3.0,1-3y,"4.250% UST due August 15, 2029",UST,60.0,5.117,99.953,Baa2,BBB+,BBB+,BBB+,8.0,IG,senior unsecured,"Barclays Capital Inc.; BofA Securities, Inc.; Citigroup Global Markets Inc.; Goldman Sachs & Co. LLC; HSBC Securities (USA) Inc.; J.P. Morgan Securities LLC; TD Securities (USA) LLC; Wells Fargo Securities, LLC",,T+60 basis points,2026-09-10_dell-international-l-l-c_0001193125-26-386722.txt,https://www.sec.gov/Archives/edgar/data/1476297/000119312526386722/d126769dfwp.htm,
Dell International L.L.C. and EMC Corporation,Technology,2026-09-09,2026-09-15,USD,1250.0,1250.0,5.4,fixed,2031-09-15,2031-08-15,5.0,5.0,5y,"4.375% UST due August 31, 2031",UST,82.0,5.438,99.836,Baa2,BBB+,BBB+,BBB+,8.0,IG,senior unsecured,"Barclays Capital Inc.; BofA Securities, Inc.; Citigroup Global Markets Inc.; Goldman Sachs & Co. LLC; HSBC Securities (USA) Inc.; J.P. Morgan Securities LLC; TD Securities (USA) LLC; Wells Fargo Securities, LLC",,T+82 basis points,2026-09-10_dell-international-l-l-c_0001193125-26-386722.txt,https://www.sec.gov/Archives/edgar/data/1476297/000119312526386722/d126769dfwp.htm,
Dell International L.L.C. and EMC Corporation,Technology,2026-09-09,2026-09-15,USD,1500.0,1500.0,5.6,fixed,2033-09-15,2033-07-15,7.0,7.0,7y,"4.500% UST due August 31, 2033",UST,97.0,5.692,99.475,Baa2,BBB+,BBB+,BBB+,8.0,IG,senior unsecured,"Barclays Capital Inc.; BofA Securities, Inc.; Citigroup Global Markets Inc.; Goldman Sachs & Co. LLC; HSBC Securities (USA) Inc.; J.P. Morgan Securities LLC; TD Securities (USA) LLC; Wells Fargo Securities, LLC",,T+97 basis points,2026-09-10_dell-international-l-l-c_0001193125-26-386722.txt,https://www.sec.gov/Archives/edgar/data/1476297/000119312526386722/d126769dfwp.htm,
Dell International L.L.C. and EMC Corporation,Technology,2026-09-09,2026-09-15,USD,1000.0,1000.0,5.9,fixed,2037-04-01,2037-01-01,10.54,10.54,10y,"4.625% UST due August 15, 2036",UST,110.0,5.939,99.694,Baa2,BBB+,BBB+,BBB+,8.0,IG,senior unsecured,"Barclays Capital Inc.; BofA Securities, Inc.; Citigroup Global Markets Inc.; Goldman Sachs & Co. LLC; HSBC Securities (USA) Inc.; J.P. Morgan Securities LLC; TD Securities (USA) LLC; Wells Fargo Securities, LLC",,T+110 basis points,2026-09-10_dell-international-l-l-c_0001193125-26-386722.txt,https://www.sec.gov/Archives/edgar/data/1476297/000119312526386722/d126769dfwp.htm,
Fortis Inc.,Utilities,2026-09-09,2026-09-21,USD,500.0,500.0,6.625,fixed-to-floating,2057-03-30,2032-03-30,30.52,5.52,5y,5-Year Treasury Rate,UST,201.6,,100.0,,BBB,BBB-,BBB-,10.0,IG,junior subordinated,"Morgan Stanley & Co. LLC; MUFG Securities Americas Inc.; Wells Fargo Securities, LLC; BofA Securities, Inc.",,"NC5 Notes will bear interest from September 21, 2026 to March 30, 2032 at 6.625% per annum. From March 30, 2032 onwards, 5-Year Treasury Rate plus 2.016%",2026-09-09_fortis-inc_0001104659-26-106299.txt,https://www.sec.gov/Archives/edgar/data/1666175/000110465926106299/tm2624871d6_fwp.htm,
Fortis Inc.,Utilities,2026-09-09,2026-09-21,USD,500.0,500.0,6.875,fixed-to-floating,2057-03-30,2037-03-30,30.52,10.52,10y,5-Year Treasury Rate,UST,204.2,,100.0,,BBB,BBB-,BBB-,10.0,IG,junior subordinated,"Morgan Stanley & Co. LLC; MUFG Securities Americas Inc.; Wells Fargo Securities, LLC; BofA Securities, Inc.",,"NC10 Notes will bear interest from September 21, 2026 to March 30, 2037 at 6.875% per annum. From March 30, 2037 onwards, 5-Year Treasury Rate plus 2.042%",2026-09-09_fortis-inc_0001104659-26-106299.txt,https://www.sec.gov/Archives/edgar/data/1666175/000110465926106299/tm2624871d6_fwp.htm,
"MercadoLibre, Inc.",Technology,2026-09-09,2026-09-14,USD,1000.0,1000.0,5.85,fixed,2036-09-14,2036-06-14,10.0,10.0,10y,"UST 4.625% due August 15, 2036",UST,130.0,6.139,97.864,Baa3,BBB-,BBB-,BBB-,10.0,IG,senior unsecured,"BofA Securities, Inc.; Citigroup Global Markets Inc.; Goldman Sachs & Co. LLC; J.P. Morgan Securities LLC; Morgan Stanley & Co. LLC; Allen & Company LLC; Santander US Capital Markets LLC",,Spread to Benchmark Treasury: 130 bps,2026-09-09_mercadolibre-s-r-l_0001140361-26-036081.txt,https://www.sec.gov/Archives/edgar/data/1833424/000114036126036081/ef20081816_fwp.htm,
Oaktree Specialty Lending Corporation,Financials,2026-09-09,2026-09-16,USD,300.0,300.0,7.0,fixed,2031-09-16,2031-08-16,5.0,5.0,5y,"UST 4.375% due August 31, 2031",UST,240.0,7.012,99.95,Baa3,,BBB-,BBB-,10.0,IG,senior unsecured,"J.P. Morgan Securities LLC; BNP Paribas Securities Corp.; ING Financial Markets LLC; RBC Capital Markets, LLC; SMBC Nikko Securities America, Inc.; Brookfield Securities LLC; BofA Securities, Inc.; Wells Fargo Securities, LLC; Barclays Capital Inc.; CIBC World Markets Corp.; Citigroup Global Markets Inc.; Deutsche Bank Securities Inc.; Goldman Sachs & Co. LLC; Morgan Stanley & Co. LLC",,Spread to Benchmark Treasury: +240 basis points,2026-09-09_oaktree-specialty-lending-corp_0001193125-26-386612.txt,https://www.sec.gov/Archives/edgar/data/1414932/000119312526386612/d450119dfwp.htm,
Parker-Hannifin Corporation,Industrials,2026-09-09,2026-09-14,EUR,700.0,802.5,3.8,fixed,2030-03-01,2030-02-01,3.46,3.46,1-3y,"OBL 2.500% due October 11, 2029",Bund,72.6,3.818,99.96,A3,BBB+,A-,A-,7.0,IG,senior unsecured,Barclays Bank PLC; Citigroup Global Markets Limited; Morgan Stanley & Co. International plc; Wells Fargo Securities International Limited; J.P. Morgan Securities plc; Merrill Lynch International; HSBC Bank plc; Mizuho International plc,,Spread to Benchmark German Government Security: +72.6 bps,2026-09-09_parker-hannifin-corp_0001193125-26-386604.txt,https://www.sec.gov/Archives/edgar/data/76334/000119312526386604/d131263dfwp.htm,
Parker-Hannifin Corporation,Industrials,2026-09-09,2026-09-14,EUR,800.0,917.1,4.04,fixed,2032-03-03,2032-01-03,5.47,5.47,5y,"DBR 0.000% due February 15, 2032",Bund,86.4,4.052,99.962,A3,BBB+,A-,A-,7.0,IG,senior unsecured,Barclays Bank PLC; Citigroup Global Markets Limited; Morgan Stanley & Co. International plc; Wells Fargo Securities International Limited; J.P. Morgan Securities plc; Merrill Lynch International; HSBC Bank plc; Mizuho International plc,,Spread to Benchmark German Government Security: +86.4 bps,2026-09-09_parker-hannifin-corp_0001193125-26-386604.txt,https://www.sec.gov/Archives/edgar/data/76334/000119312526386604/d131263dfwp.htm,
Parker-Hannifin Corporation,Industrials,2026-09-09,2026-09-14,EUR,525.0,601.9,4.375,fixed,2036-03-05,2035-12-05,9.47,9.47,10y,"DBR 2.900% due February 15, 2036",Bund,99.3,4.39,99.909,A3,BBB+,A-,A-,7.0,IG,senior unsecured,Barclays Bank PLC; Citigroup Global Markets Limited; Morgan Stanley & Co. International plc; Wells Fargo Securities International Limited; J.P. Morgan Securities plc; Merrill Lynch International; HSBC Bank plc; Mizuho International plc,,Spread to Benchmark German Government Security: +99.3 bps,2026-09-09_parker-hannifin-corp_0001193125-26-386604.txt,https://www.sec.gov/Archives/edgar/data/76334/000119312526386604/d131263dfwp.htm,
Rogers Communications Inc.,Telecoms & Media,2026-09-09,2026-09-23,USD,500.0,500.0,7.15,fixed-to-floating,2057-01-31,2032-01-31,30.36,5.36,5y,5-Year Treasury Rate,UST,253.9,,100.0,Ba1,BB,,BB,12.0,HY,subordinated,"BofA Securities, Inc.; J.P. Morgan Securities LLC; MUFG Securities Americas Inc.; SMBC Nikko Securities America, Inc.; Wells Fargo Securities, LLC",,"7.150% Fixed-to-Fixed Rate Subordinated Notes due 2057 (NC5 Notes), 5-Year Treasury Rate plus 2.539%",2026-09-10_rogers-communications-inc_0000950157-26-000992.txt,https://www.sec.gov/Archives/edgar/data/733099/000095015726000992/fwp.htm,
Rogers Communications Inc.,Telecoms & Media,2026-09-09,2026-09-23,USD,500.0,500.0,7.4,fixed-to-floating,2057-01-31,2037-01-31,30.36,10.36,10y,5-Year Treasury Rate,UST,256.5,,100.0,Ba1,BB,,BB,12.0,HY,subordinated,"BofA Securities, Inc.; J.P. Morgan Securities LLC; MUFG Securities Americas Inc.; SMBC Nikko Securities America, Inc.; Wells Fargo Securities, LLC",,"7.400% Fixed-to-Fixed Rate Subordinated Notes due 2057 (NC10 Notes), 5-Year Treasury Rate plus 2.565%",2026-09-10_rogers-communications-inc_0000950157-26-000992.txt,https://www.sec.gov/Archives/edgar/data/733099/000095015726000992/fwp.htm,
Southern Company Gas Capital Corporation,Utilities,2026-09-09,2026-09-14,USD,550.0,550.0,5.0,fixed,2029-10-01,2029-09-01,3.05,3.05,1-3y,"UST 4.250% due August 15, 2029",UST,52.0,5.022,99.935,Baa1,A-,BBB+,BBB+,8.0,IG,senior unsecured,"BofA Securities, Inc.; MUFG Securities Americas Inc.; PNC Capital Markets LLC; Wells Fargo Securities, LLC",,Spread to Benchmark Treasury: +52 basis points; Re-offer Yield: 5.022%,2026-09-09_southern-co-gas-capital-corp_0001004155-26-000020.txt,https://www.sec.gov/Archives/edgar/data/1130891/000100415526000020/gas2026asnfwp.htm,
"Uber Technologies, Inc.",Technology,2026-09-09,2026-09-15,EUR,750.0,859.8,3.75,fixed,2029-09-15,2029-08-15,3.0,3.0,1-3y,"OBL 2.100% due April 12, 2029 #189",Bund,68.6,3.772,99.939,Baa1,BBB+,A-,BBB+,8.0,IG,senior unsecured,"Goldman Sachs & Co. LLC; Morgan Stanley & Co. International plc; Deutsche Bank AG, London Branch; Merrill Lynch International; BNP PARIBAS; Citigroup Global Markets Limited; HSBC Bank plc; J.P. Morgan Securities plc; UBS AG London Branch; Banco Santander, S.A.; Mizuho International plc; RBC Europe Limited; TD Global Finance unlimited company",,Spread to Benchmark Bund: +68.6 basis points; Yield to Maturity: 3.772%,2026-09-09_uber-technologies-inc_0001552781-26-000479.txt,https://www.sec.gov/Archives/edgar/data/1543151/000155278126000479/e26381_uber-fwp.htm,
"Uber Technologies, Inc.",Technology,2026-09-09,2026-09-15,EUR,1000.0,1146.4,4.125,fixed,2032-09-15,2032-07-15,6.0,6.0,7y,"DBR 1.700% due August 15, 2032",Bund,95.7,4.174,99.745,Baa1,BBB+,A-,BBB+,8.0,IG,senior unsecured,"Goldman Sachs & Co. LLC; Morgan Stanley & Co. International plc; Deutsche Bank AG, London Branch; Merrill Lynch International; BNP PARIBAS; Citigroup Global Markets Limited; HSBC Bank plc; J.P. Morgan Securities plc; UBS AG London Branch; Banco Santander, S.A.; Mizuho International plc; RBC Europe Limited; TD Global Finance unlimited company",,Spread to Benchmark Bund: +95.7 basis points; Yield to Maturity: 4.174%,2026-09-09_uber-technologies-inc_0001552781-26-000479.txt,https://www.sec.gov/Archives/edgar/data/1543151/000155278126000479/e26381_uber-fwp.htm,
"Uber Technologies, Inc.",Technology,2026-09-09,2026-09-15,EUR,1000.0,1146.4,4.375,fixed,2034-09-15,2034-06-15,8.0,8.0,7y,"DBR 2.600% due August 15, 2034",Bund,107.3,4.417,99.722,Baa1,BBB+,A-,BBB+,8.0,IG,senior unsecured,"Goldman Sachs & Co. LLC; Morgan Stanley & Co. International plc; Deutsche Bank AG, London Branch; Merrill Lynch International; BNP PARIBAS; Citigroup Global Markets Limited; HSBC Bank plc; J.P. Morgan Securities plc; UBS AG London Branch; Banco Santander, S.A.; Mizuho International plc; RBC Europe Limited; TD Global Finance unlimited company",,Spread to Benchmark Bund: +107.3 basis points; Yield to Maturity: 4.417%,2026-09-09_uber-technologies-inc_0001552781-26-000479.txt,https://www.sec.gov/Archives/edgar/data/1543151/000155278126000479/e26381_uber-fwp.htm,
"Uber Technologies, Inc.",Technology,2026-09-09,2026-09-15,EUR,1000.0,1146.4,4.75,fixed,2038-09-15,2038-06-15,12.0,12.0,10y,"DBR 1.000% due May 15, 2038",Bund,119.5,4.766,99.856,Baa1,BBB+,A-,BBB+,8.0,IG,senior unsecured,"Goldman Sachs & Co. LLC; Morgan Stanley & Co. International plc; Deutsche Bank AG, London Branch; Merrill Lynch International; BNP PARIBAS; Citigroup Global Markets Limited; HSBC Bank plc; J.P. Morgan Securities plc; UBS AG London Branch; Banco Santander, S.A.; Mizuho International plc; RBC Europe Limited; TD Global Finance unlimited company",,Spread to Benchmark Bund: +119.5 basis points; Yield to Maturity: 4.766%,2026-09-09_uber-technologies-inc_0001552781-26-000479.txt,https://www.sec.gov/Archives/edgar/data/1543151/000155278126000479/e26381_uber-fwp.htm,
"Uber Technologies, Inc.",Technology,2026-09-09,2026-09-15,EUR,750.0,859.8,5.25,fixed,2046-09-15,2046-03-15,20.0,20.0,20y,"DBR 2.500% due August 15, 2046",Bund,146.7,5.288,99.538,Baa1,BBB+,A-,BBB+,8.0,IG,senior unsecured,"Goldman Sachs & Co. LLC; Morgan Stanley & Co. International plc; Deutsche Bank AG, London Branch; Merrill Lynch International; BNP PARIBAS; Citigroup Global Markets Limited; HSBC Bank plc; J.P. Morgan Securities plc; UBS AG London Branch; Banco Santander, S.A.; Mizuho International plc; RBC Europe Limited; TD Global Finance unlimited company",,Spread to Benchmark Bund: +146.7 basis points; Yield to Maturity: 5.288%,2026-09-09_uber-technologies-inc_0001552781-26-000479.txt,https://www.sec.gov/Archives/edgar/data/1543151/000155278126000479/e26381_uber-fwp.htm,
Capital Southwest Corporation,Financials,2026-09-10,2026-09-15,USD,350.0,350.0,6.75,fixed,2031-09-15,2031-08-15,5.0,5.0,5y,"UST 4.375% due August 31, 2031",UST,225.0,6.994,98.985,Baa3,,BBB-,BBB-,10.0,IG,senior unsecured,"Deutsche Bank Securities Inc.; Huntington Securities, Inc.; ING Financial Markets LLC; Morgan Stanley & Co. LLC; RBC Capital Markets, LLC; Wells Fargo Securities, LLC",Repay a portion of the outstanding indebtedness under the Company's senior secured revolving credit facility,Spread to Benchmark Treasury: +225 basis points,2026-09-10_capital-southwest-corp_0000017313-26-000145.txt,https://www.sec.gov/Archives/edgar/data/17313/000001731326000145/cswc-pricingtermsheetinsti.htm,
"Evergy Kansas Central, Inc.",Utilities,2026-09-10,2026-09-16,USD,350.0,350.0,5.6,fixed,2034-01-15,2033-11-15,7.33,7.33,7y,UST 4.50% due 2033-08-31,UST,78.0,5.608,99.961,A2,A,,A,6.0,IG,senior secured,"PNC Capital Markets LLC; RBC Capital Markets, LLC; Truist Securities, Inc.; U.S. Bancorp Investments, Inc.",,Spread to Benchmark Treasury: +78 basis points; Yield to Maturity: 5.608%,2026-09-10_evergy-kansas-central-inc_0001193125-26-388012.txt,https://www.sec.gov/Archives/edgar/data/54507/000119312526388012/d62363dfwp.htm,
TR Finance LLC,Financials,2026-09-10,2026-09-17,USD,800.0,800.0,5.1,fixed,2028-09-15,,2.0,2.0,1-3y,"UST 4.125% due August 31, 2028",UST,55.0,5.106,99.989,Baa1,A-,A-,A-,7.0,IG,senior unsecured,"RBC Capital Markets, LLC; BofA Securities, Inc.; Barclays Capital Inc.; Mizuho Securities USA LLC","General corporate purposes, including to repay indebtedness under commercial paper program previously incurred to fund working capital needs",+55 basis points,2026-09-10_tr-finance-llc_0001193125-26-388088.txt,https://www.sec.gov/Archives/edgar/data/1814722/000119312526388088/d154015dfwp.htm,
TR Finance LLC,Financials,2026-09-10,2026-09-17,USD,500.0,500.0,5.75,fixed,2033-09-15,2033-07-15,7.0,7.0,7y,"UST 4.500% due August 31, 2033",UST,95.0,5.793,99.756,Baa1,A-,A-,A-,7.0,IG,senior unsecured,"RBC Capital Markets, LLC; BofA Securities, Inc.; Barclays Capital Inc.; Mizuho Securities USA LLC","General corporate purposes, including to repay indebtedness under commercial paper program previously incurred to fund working capital needs",+95 basis points,2026-09-10_tr-finance-llc_0001193125-26-388088.txt,https://www.sec.gov/Archives/edgar/data/1814722/000119312526388088/d154015dfwp.htm,
Vistra Operations Company LLC,Energy,2026-09-10,2026-09-24,USD,850.0,850.0,7.0,fixed-to-floating,2057-03-15,2032-03-15,30.47,5.47,5y,Five-year U.S. Treasury Rate,UST,225.3,,100.0,Ba2,BB,BB,BB,12.0,HY,junior subordinated,"Barclays Capital Inc.; BofA Securities, Inc.; Mizuho Securities USA LLC; MUFG Securities Americas Inc.; Truist Securities, Inc.; BBVA Securities Inc.; BMO Capital Markets Corp.; Citigroup Global Markets Inc.; Credit Agricole Securities (USA) Inc.; Goldman Sachs & Co. LLC; J.P. Morgan Securities LLC; Morgan Stanley & Co. LLC; Natixis Securities Americas LLC; PNC Capital Markets LLC; RBC Capital Markets, LLC; Santander US Capital Markets LLC; Scotia Capital (USA) Inc.; SMBC Nikko Securities America, Inc.; SG Americas Securities, LLC; Wells Fargo Securities, LLC; KeyBanc Capital Markets Inc.; U.S. Bancorp Investments, Inc.",,"From and including the original issuance date to, but excluding, March 15, 2032 (the First Series A Reset Date) at the rate of 7.000% per year. From and including the First Series A Reset Date, during each Reset Period, at a rate per year equal to the Five-year U.S. Treasury Rate as of the most recent Reset Interest Determination Date plus a spread of 2.253%",2026-09-11_vistra-operations-co-llc_0001140361-26-036245.txt,https://www.sec.gov/Archives/edgar/data/1746576/000114036126036245/ef20081902_fwp.htm,
Vistra Operations Company LLC,Energy,2026-09-10,2026-09-24,USD,650.0,650.0,7.25,fixed-to-floating,2057-03-15,2037-03-15,30.47,10.47,10y,Five-year U.S. Treasury Rate,UST,229.6,,100.0,Ba2,BB,BB,BB,12.0,HY,junior subordinated,"Barclays Capital Inc.; BofA Securities, Inc.; Mizuho Securities USA LLC; MUFG Securities Americas Inc.; Truist Securities, Inc.; BBVA Securities Inc.; BMO Capital Markets Corp.; Citigroup Global Markets Inc.; Credit Agricole Securities (USA) Inc.; Goldman Sachs & Co. LLC; J.P. Morgan Securities LLC; Morgan Stanley & Co. LLC; Natixis Securities Americas LLC; PNC Capital Markets LLC; RBC Capital Markets, LLC; Santander US Capital Markets LLC; Scotia Capital (USA) Inc.; SMBC Nikko Securities America, Inc.; SG Americas Securities, LLC; Wells Fargo Securities, LLC; KeyBanc Capital Markets Inc.; U.S. Bancorp Investments, Inc.",,"From and including the original issuance date to, but excluding, March 15, 2037 (the First Series B Reset Date) at the rate of 7.250% per year. From and including the First Series B Reset Date, during each Reset Period, at a rate per year equal to the Five-year U.S. Treasury Rate as of the most recent Reset Interest Determination Date plus a spread of 2.296%",2026-09-11_vistra-operations-co-llc_0001140361-26-036245.txt,https://www.sec.gov/Archives/edgar/data/1746576/000114036126036245/ef20081902_fwp.htm,
Bank of Montreal,Financials,2026-09-11,2026-09-15,USD,1000.0,1000.0,,floating,2028-09-15,2027-09-15,2.0,1.0,1-3y,Compounded SOFR,SOFR,60.0,,100.0,,,,,,Unrated,senior unsecured,BMO Capital Markets Corp.,,Margin: 60 basis points,2026-09-11_bank-of-montreal-can_0001193125-26-389262.txt,https://www.sec.gov/Archives/edgar/data/927971/000119312526389262/d31086dfwp.htm,
Amerant Bancorp Inc.,Financials,2026-09-14,2026-09-17,USD,50.0,50.0,7.0,fixed,2031-09-17,2031-03-17,5.0,5.0,5y,,,,7.125,99.482,,,,,,Unrated,senior unsecured,"Raymond James & Associates, Inc.",General corporate purposes,Yield to Maturity: 7.125%,2026-09-14_amerant-bancorp-inc_0001628280-26-061910.txt,https://www.sec.gov/Archives/edgar/data/1734342/000162828026061910/amtb-termsheet.htm,
American Water Capital Corp.,Utilities,2026-09-14,2026-09-16,USD,500.0,500.0,5.55,fixed,2033-10-01,2033-08-01,7.04,7.04,7y,"UST 4.50% due August 31, 2033",UST,70.0,5.558,99.951,Baa1,A,,BBB+,8.0,IG,senior unsecured,"PNC Capital Markets LLC; Mizuho Securities USA LLC; RBC Capital Markets, LLC; U.S. Bancorp Investments, Inc.; BofA Securities, Inc.; J.P. Morgan Securities LLC; Wells Fargo Securities, LLC; TD Securities (USA) LLC; Truist Securities, Inc.",,Spread to Benchmark Treasury: +70 bps,2026-09-14_american-water-capital-corp_0001193125-26-390656.txt,https://www.sec.gov/Archives/edgar/data/1410635/000119312526390656/d113845dfwp.htm,
"Aon North America, Inc. and Aon Global Holdings plc",Financials,2026-09-14,2026-09-17,USD,2000.0,2000.0,5.35,fixed,2029-09-17,2029-08-17,3.0,3.0,1-3y,"UST 4.375% due September 15, 2029",UST,63.0,5.369,99.948,Baa2,A-,BBB+,BBB+,8.0,IG,senior unsecured,"Citigroup Global Markets Inc.; BofA Securities, Inc.; Morgan Stanley & Co. LLC; Wells Fargo Securities, LLC; HSBC Securities (USA) Inc.; Barclays Capital Inc.; BMO Capital Markets Corp.; BNY Mellon Capital Markets, LLC; ING Financial Markets LLC; J.P. Morgan Securities LLC; U.S. Bancorp Investments, Inc.",,+63 bps for the 2029 Notes,2026-09-14_aon-plc_0001193125-26-390790.txt,https://www.sec.gov/Archives/edgar/data/1808065/000119312526390790/d908596dfwp.htm,
"Aon North America, Inc. and Aon Global Holdings plc",Financials,2026-09-14,2026-09-17,USD,3000.0,3000.0,5.625,fixed,2031-09-17,2031-08-17,5.0,5.0,5y,"UST 4.375% due August 31, 2031",UST,83.0,5.63,99.978,Baa2,A-,BBB+,BBB+,8.0,IG,senior unsecured,"Citigroup Global Markets Inc.; BofA Securities, Inc.; Morgan Stanley & Co. LLC; Wells Fargo Securities, LLC; HSBC Securities (USA) Inc.; Barclays Capital Inc.; BMO Capital Markets Corp.; BNY Mellon Capital Markets, LLC; ING Financial Markets LLC; J.P. Morgan Securities LLC; U.S. Bancorp Investments, Inc.",,+83 bps for the 2031 Notes,2026-09-14_aon-plc_0001193125-26-390790.txt,https://www.sec.gov/Archives/edgar/data/1808065/000119312526390790/d908596dfwp.htm,
"Aon North America, Inc. and Aon Global Holdings plc",Financials,2026-09-14,2026-09-17,USD,2000.0,2000.0,5.8,fixed,2033-09-17,2033-07-17,7.0,7.0,7y,"UST 4.500% due August 31, 2033",UST,93.0,5.807,99.96,Baa2,A-,BBB+,BBB+,8.0,IG,senior unsecured,"Citigroup Global Markets Inc.; BofA Securities, Inc.; Morgan Stanley & Co. LLC; Wells Fargo Securities, LLC; HSBC Securities (USA) Inc.; Barclays Capital Inc.; BMO Capital Markets Corp.; BNY Mellon Capital Markets, LLC; ING Financial Markets LLC; J.P. Morgan Securities LLC; U.S. Bancorp Investments, Inc.",,+93 bps for the 2033 Notes,2026-09-14_aon-plc_0001193125-26-390790.txt,https://www.sec.gov/Archives/edgar/data/1808065/000119312526390790/d908596dfwp.htm,
"Aon North America, Inc. and Aon Global Holdings plc",Financials,2026-09-14,2026-09-17,USD,2750.0,2750.0,5.95,fixed,2036-09-17,2036-06-17,10.0,10.0,10y,"UST 4.625% due August 15, 2036",UST,103.0,5.993,99.68,Baa2,A-,BBB+,BBB+,8.0,IG,senior unsecured,"Citigroup Global Markets Inc.; BofA Securities, Inc.; Morgan Stanley & Co. LLC; Wells Fargo Securities, LLC; HSBC Securities (USA) Inc.; Barclays Capital Inc.; BMO Capital Markets Corp.; BNY Mellon Capital Markets, LLC; ING Financial Markets LLC; J.P. Morgan Securities LLC; U.S. Bancorp Investments, Inc.",,+103 bps for the 2036 Notes,2026-09-14_aon-plc_0001193125-26-390790.txt,https://www.sec.gov/Archives/edgar/data/1808065/000119312526390790/d908596dfwp.htm,
"Aon North America, Inc. and Aon Global Holdings plc",Financials,2026-09-14,2026-09-17,USD,1000.0,1000.0,6.1,fixed,2038-09-17,2038-06-17,12.0,12.0,10y,"UST 4.625% due August 15, 2036",UST,115.0,6.113,99.891,Baa2,A-,BBB+,BBB+,8.0,IG,senior unsecured,"Citigroup Global Markets Inc.; BofA Securities, Inc.; Morgan Stanley & Co. LLC; Wells Fargo Securities, LLC; HSBC Securities (USA) Inc.; Barclays Capital Inc.; BMO Capital Markets Corp.; BNY Mellon Capital Markets, LLC; ING Financial Markets LLC; J.P. Morgan Securities LLC; U.S. Bancorp Investments, Inc.",,+115 bps for the 2038 Notes,2026-09-14_aon-plc_0001193125-26-390790.txt,https://www.sec.gov/Archives/edgar/data/1808065/000119312526390790/d908596dfwp.htm,
"Aon North America, Inc. and Aon Global Holdings plc",Financials,2026-09-14,2026-09-17,USD,750.0,750.0,6.45,fixed,2046-09-17,2046-03-17,20.0,20.0,20y,"UST 5.125% due August 15, 2046",UST,108.0,6.452,99.978,Baa2,A-,BBB+,BBB+,8.0,IG,senior unsecured,"Citigroup Global Markets Inc.; BofA Securities, Inc.; Morgan Stanley & Co. LLC; Wells Fargo Securities, LLC; HSBC Securities (USA) Inc.; Barclays Capital Inc.; BMO Capital Markets Corp.; BNY Mellon Capital Markets, LLC; ING Financial Markets LLC; J.P. Morgan Securities LLC; U.S. Bancorp Investments, Inc.",,+108 bps for the 2046 Notes,2026-09-14_aon-plc_0001193125-26-390790.txt,https://www.sec.gov/Archives/edgar/data/1808065/000119312526390790/d908596dfwp.htm,
"Aon North America, Inc. and Aon Global Holdings plc",Financials,2026-09-14,2026-09-17,USD,2000.0,2000.0,6.45,fixed,2056-09-17,2056-03-17,30.0,30.0,30y+,"UST 5.000% due May 15, 2056",UST,115.0,6.474,99.684,Baa2,A-,BBB+,BBB+,8.0,IG,senior unsecured,"Citigroup Global Markets Inc.; BofA Securities, Inc.; Morgan Stanley & Co. LLC; Wells Fargo Securities, LLC; HSBC Securities (USA) Inc.; Barclays Capital Inc.; BMO Capital Markets Corp.; BNY Mellon Capital Markets, LLC; ING Financial Markets LLC; J.P. Morgan Securities LLC; U.S. Bancorp Investments, Inc.",,+115 bps for the 2056 Notes,2026-09-14_aon-plc_0001193125-26-390790.txt,https://www.sec.gov/Archives/edgar/data/1808065/000119312526390790/d908596dfwp.htm,
CDW Finance Corporation,Industrials,2026-09-14,2026-09-21,USD,600.0,600.0,5.7,fixed,2029-09-21,2029-08-21,3.0,3.0,1-3y,"UST 4.375% due September 15, 2029",UST,100.0,5.734,99.908,Baa3,BBB-,BBB-,BBB-,10.0,IG,senior unsecured,"BofA Securities, Inc.; J.P. Morgan Securities LLC; Mizuho Securities USA LLC; Wells Fargo Securities, LLC; BNP Paribas Securities Corp.; Capital One Securities, Inc.; Goldman Sachs & Co. LLC; Morgan Stanley & Co. LLC; MUFG Securities Americas Inc.; Scotia Capital (USA) Inc.; U.S. Bancorp Investments, Inc.",,Spread to Benchmark Treasury: 100 basis points,2026-09-14_cdw-corp_0001193125-26-390802.txt,https://www.sec.gov/Archives/edgar/data/1402057/000119312526390802/d108370dfwp.htm,
CDW Finance Corporation,Industrials,2026-09-14,2026-09-21,USD,500.0,500.0,6.1,fixed,2032-01-15,2031-12-15,5.32,5.32,5y,"UST 4.375% due August 31, 2031",UST,130.0,6.102,100.0,Baa3,BBB-,BBB-,BBB-,10.0,IG,senior unsecured,"BofA Securities, Inc.; J.P. Morgan Securities LLC; Mizuho Securities USA LLC; Wells Fargo Securities, LLC; BNP Paribas Securities Corp.; Capital One Securities, Inc.; Goldman Sachs & Co. LLC; Morgan Stanley & Co. LLC; MUFG Securities Americas Inc.; Scotia Capital (USA) Inc.; U.S. Bancorp Investments, Inc.",,Spread to Benchmark Treasury: 130 basis points,2026-09-14_cdw-corp_0001193125-26-390802.txt,https://www.sec.gov/Archives/edgar/data/1402057/000119312526390802/d108370dfwp.htm,
CDW Finance Corporation,Industrials,2026-09-14,2026-09-21,USD,400.0,400.0,6.35,fixed,2033-09-21,2033-07-21,7.0,7.0,7y,"UST 4.500% due August 31, 2033",UST,150.0,6.385,99.805,Baa3,BBB-,BBB-,BBB-,10.0,IG,senior unsecured,"BofA Securities, Inc.; J.P. Morgan Securities LLC; Mizuho Securities USA LLC; Wells Fargo Securities, LLC; BNP Paribas Securities Corp.; Capital One Securities, Inc.; Goldman Sachs & Co. LLC; Morgan Stanley & Co. LLC; MUFG Securities Americas Inc.; Scotia Capital (USA) Inc.; U.S. Bancorp Investments, Inc.",,Spread to Benchmark Treasury: 150 basis points,2026-09-14_cdw-corp_0001193125-26-390802.txt,https://www.sec.gov/Archives/edgar/data/1402057/000119312526390802/d108370dfwp.htm,
Southwestern Electric Power Company,Utilities,2026-09-14,2026-09-16,USD,750.0,750.0,6.0,fixed,2037-03-15,2036-12-15,10.49,10.49,10y,"UST 4.625% due August 15, 2036",UST,110.0,6.057,99.562,Baa2,BBB+,BBB+,BBB+,8.0,IG,senior unsecured,"CIBC World Markets Corp.; Fifth Third Securities, Inc.; J.P. Morgan Securities LLC; U.S. Bancorp Investments, Inc.",,T+110 basis points,2026-09-14_southwestern-electric-power-co_0000092487-26-000024.txt,https://www.sec.gov/Archives/edgar/data/92487/000009248726000024/swepco08-2026fwp.htm,
"Analog Devices, Inc.",Technology,2026-09-15,2026-09-17,USD,500.0,500.0,5.1,fixed,2029-09-15,2029-08-15,3.0,3.0,1-3y,"UST 4.375% due September 15, 2029",UST,35.0,5.115,99.959,A2,A,A,A,6.0,IG,senior unsecured,"J.P. Morgan Securities LLC; Barclays Capital Inc.; BNP Paribas Securities Corp.; BofA Securities, Inc.; Citigroup Global Markets Inc.; Morgan Stanley & Co. LLC",,Spread to Benchmark Treasury: 35 basis points,2026-09-16_analog-devices-inc_0001193125-26-392208.txt,https://www.sec.gov/Archives/edgar/data/6281/000119312526392208/d72941dfwp.htm,
"Analog Devices, Inc.",Technology,2026-09-15,2026-09-17,USD,500.0,500.0,5.35,fixed,2031-10-01,2031-09-01,5.04,5.04,5y,"UST 4.375% due August 31, 2031",UST,55.0,5.38,99.866,A2,A,A,A,6.0,IG,senior unsecured,"J.P. Morgan Securities LLC; Barclays Capital Inc.; BNP Paribas Securities Corp.; BofA Securities, Inc.; Citigroup Global Markets Inc.; Morgan Stanley & Co. LLC",,Spread to Benchmark Treasury: 55 basis points,2026-09-16_analog-devices-inc_0001193125-26-392208.txt,https://www.sec.gov/Archives/edgar/data/6281/000119312526392208/d72941dfwp.htm,
"Analog Devices, Inc.",Technology,2026-09-15,2026-09-17,USD,1000.0,1000.0,5.6,fixed,2033-10-01,2033-08-01,7.04,7.04,7y,"UST 4.500% due August 31, 2033",UST,70.0,5.607,99.957,A2,A,A,A,6.0,IG,senior unsecured,"J.P. Morgan Securities LLC; Barclays Capital Inc.; BNP Paribas Securities Corp.; BofA Securities, Inc.; Citigroup Global Markets Inc.; Morgan Stanley & Co. LLC",,Spread to Benchmark Treasury: 70 basis points,2026-09-16_analog-devices-inc_0001193125-26-392208.txt,https://www.sec.gov/Archives/edgar/data/6281/000119312526392208/d72941dfwp.htm,
"Analog Devices, Inc.",Technology,2026-09-15,2026-09-17,USD,1000.0,1000.0,5.75,fixed,2036-10-01,2036-07-01,10.04,10.04,10y,"UST 4.625% due August 15, 2036",UST,80.0,5.796,99.65,A2,A,A,A,6.0,IG,senior unsecured,"J.P. Morgan Securities LLC; Barclays Capital Inc.; BNP Paribas Securities Corp.; BofA Securities, Inc.; Citigroup Global Markets Inc.; Morgan Stanley & Co. LLC",,Spread to Benchmark Treasury: 80 basis points,2026-09-16_analog-devices-inc_0001193125-26-392208.txt,https://www.sec.gov/Archives/edgar/data/6281/000119312526392208/d72941dfwp.htm,
Expand Energy Corporation,Energy,2026-09-15,2026-09-17,USD,500.0,500.0,5.65,fixed,2031-09-15,2031-08-15,4.99,4.99,5y,"UST 4.375% due August 31, 2031",UST,85.0,5.676,99.889,Baa3,BBB-,BBB,BBB-,10.0,IG,senior unsecured,"Citigroup Global Markets Inc.; J.P. Morgan Securities LLC; Citizens JMP Securities, LLC; Mizuho Securities USA LLC; MUFG Securities Americas Inc.; RBC Capital Markets, LLC; TD Securities (USA) LLC; Wells Fargo Securities, LLC",,Spread to Benchmark Treasury: +85 bps,2026-09-15_expand-energy-corp_0001104659-26-107922.txt,https://www.sec.gov/Archives/edgar/data/895126/000110465926107922/tm2625334d3_fwp.htm,
"Hoffman Schroff Holdings, Inc.",Industrials,2026-09-15,2026-09-29,USD,800.0,800.0,6.15,fixed,2036-09-15,2036-06-15,9.96,9.96,10y,"UST 4.625% due August 15, 2036",UST,115.0,6.162,99.915,,BBB-,BBB,BBB-,10.0,IG,senior unsecured,"BofA Securities, Inc.; Citigroup Global Markets Inc.; J.P. Morgan Securities LLC; BMO Capital Markets Corp.; U.S. Bancorp Investments, Inc.",Maverick Power acquisition,Spread to Benchmark Treasury: +115 basis points,2026-09-15_hoffman-schroff-holdings-inc_0001104659-26-107970.txt,https://www.sec.gov/Archives/edgar/data/2111694/000110465926107970/tm2625115d6_fwp.htm,
Xylem Inc.,Industrials,2026-09-15,2026-09-29,USD,500.0,500.0,5.25,fixed,2029-09-28,2029-08-28,3.0,3.0,1-3y,"UST 4.375% due September 15, 2029",UST,50.0,5.265,99.959,Baa2,BBB,,BBB,9.0,IG,senior unsecured,"Citigroup Global Markets Inc.; ING Financial Markets LLC; J.P. Morgan Securities LLC; BNP Paribas Securities Corp.; Wells Fargo Securities, LLC","Xylem intends to use the net proceeds from the notes, together with cash on hand, to finance all or a portion of the purchase price payable for the Acquisition, to pay associated costs and expenses and for general corporate purposes.",Spread to Benchmark Treasury: +50 bps,2026-09-15_xylem-inc_0001193125-26-392006.txt,https://www.sec.gov/Archives/edgar/data/1524472/000119312526392006/d41710dfwp.htm,
Xylem Inc.,Industrials,2026-09-15,2026-09-29,USD,500.0,500.0,5.45,fixed,2032-01-15,2031-12-15,5.3,5.3,5y,"UST 4.375% due August 31, 2031",UST,65.0,5.487,99.841,Baa2,BBB,,BBB,9.0,IG,senior unsecured,"Citigroup Global Markets Inc.; ING Financial Markets LLC; J.P. Morgan Securities LLC; BNP Paribas Securities Corp.; Wells Fargo Securities, LLC","Xylem intends to use the net proceeds from the notes, together with cash on hand, to finance all or a portion of the purchase price payable for the Acquisition, to pay associated costs and expenses and for general corporate purposes.",Spread to Benchmark Treasury: +65 bps,2026-09-15_xylem-inc_0001193125-26-392006.txt,https://www.sec.gov/Archives/edgar/data/1524472/000119312526392006/d41710dfwp.htm,
Xylem Inc.,Industrials,2026-09-15,2026-09-29,USD,500.0,500.0,5.85,fixed,2037-01-15,2036-10-15,10.3,10.3,10y,"UST 4.625% due August 15, 2036",UST,85.0,5.862,99.918,Baa2,BBB,,BBB,9.0,IG,senior unsecured,"Citigroup Global Markets Inc.; ING Financial Markets LLC; J.P. Morgan Securities LLC; BNP Paribas Securities Corp.; Wells Fargo Securities, LLC","Xylem intends to use the net proceeds from the notes, together with cash on hand, to finance all or a portion of the purchase price payable for the Acquisition, to pay associated costs and expenses and for general corporate purposes.",Spread to Benchmark Treasury: +85 bps,2026-09-15_xylem-inc_0001193125-26-392006.txt,https://www.sec.gov/Archives/edgar/data/1524472/000119312526392006/d41710dfwp.htm,
Agree Limited Partnership,Real Estate,2026-09-17,2026-09-22,USD,400.0,400.0,5.65,fixed,2036-10-15,2036-07-15,10.06,10.06,10y,"UST 4.625% due August 15, 2036",UST,90.0,5.849,98.497,Baa1,BBB+,A-,BBB+,8.0,IG,senior unsecured,"PNC Capital Markets LLC; J.P. Morgan Securities LLC; U.S. Bancorp Investments, Inc.; Wells Fargo Securities, LLC; BofA Securities, Inc.; Citigroup Global Markets Inc.; Mizuho Securities USA LLC",The net proceeds will increase the Issuer's liquidity position and extend its weighted-average debt maturity to approximately 6 years.,Spread to Benchmark Treasury: +90 basis points,2026-09-17_agree-realty-corp_0001628280-26-062488.txt,https://www.sec.gov/Archives/edgar/data/917251/000162828026062488/agreerealtyfwptermsheetsep.htm,
Brown-Forman Corporation,Consumer,2026-09-17,2026-09-21,USD,500.0,500.0,5.375,fixed,2031-10-15,2031-09-15,5.07,5.07,5y,"UST 4.375% due August 31, 2031",UST,60.0,5.403,99.872,A2,A-,,A-,7.0,IG,senior unsecured,"Barclays Capital Inc.; BofA Securities, Inc.; Citigroup Global Markets Inc.; J.P. Morgan Securities LLC; U.S. Bancorp Investments, Inc.; Scotia Capital (USA) Inc.",,T+60 bps,2026-09-17_brown-forman-corp_0001193125-26-394500.txt,https://www.sec.gov/Archives/edgar/data/14693/000119312526394500/d138014dfwp.htm,
Brookfield Finance Inc.,Financials,2026-09-21,2026-09-23,USD,600.0,600.0,5.65,fixed,2031-09-23,2031-08-23,5.0,5.0,5y,"UST 4.375% due August 31, 2031",UST,82.0,5.658,99.966,A3,A-,A-,A-,7.0,IG,senior unsecured,"Deutsche Bank Securities Inc.; BofA Securities, Inc.; Mizuho Securities USA LLC; MUFG Securities Americas Inc.",The net proceeds from the sale of the Notes will be used for general corporate purposes,Spread to Benchmark Treasury: + 82 basis points,2026-09-21_brookfield-finance-inc_0001104659-26-109362.txt,https://www.sec.gov/Archives/edgar/data/1643171/000110465926109362/tm2625808d3_fwp.htm,
"CenterPoint Energy Houston Electric, LLC",Utilities,2026-09-21,2026-09-24,USD,700.0,700.0,5.4,fixed,2031-10-15,2031-09-15,5.06,5.06,5y,"UST 4.375% due August 31, 2031",UST,58.0,5.414,99.934,A2,A,A,A,6.0,IG,senior secured,"Barclays Capital Inc.; BNP Paribas Securities Corp.; Goldman Sachs & Co. LLC; MUFG Securities Americas Inc.; Truist Securities, Inc.; PNC Capital Markets LLC",,Spread to Benchmark Treasury: +58 basis points,2026-09-21_centerpoint-energy-houston-electric-llc_0001104659-26-109301.txt,https://www.sec.gov/Archives/edgar/data/48732/000110465926109301/tm2625673d3_fwp.htm,
FB Financial Corporation,Financials,2026-09-21,2026-09-24,USD,125.0,125.0,6.625,fixed-to-floating,2036-10-01,2031-10-01,10.02,5.02,5y,Three-Month Term SOFR,SOFR,205.0,,100.0,,,,,,Unrated,subordinated,"Keefe, Bruyette & Woods, A Stifel Company","The Company intends to use the net proceeds from this offering for general corporate purposes, including providing capital to FirstBank to support its growth.","From and including October 1, 2031 to, but excluding, the Maturity Date, or the earlier redemption date (the ""floating rate period""), the Notes will bear interest at a floating rate per year equal to the Benchmark rate (which is expected to be Three-Month Term SOFR) plus 205 basis points",2026-09-21_fb-financial-corp_0001213900-26-101821.txt,https://www.sec.gov/Archives/edgar/data/1649749/000121390026101821/ea0306139-fwp_fbfinancial.htm,
The Toronto-Dominion Bank,Financials,2026-09-21,2026-09-28,USD,400.0,400.0,,floating,2028-09-28,,2.0,2.0,1-3y,Compounded SOFR,SOFR,54.0,,100.0,A2,A-,AA-,A,6.0,IG,senior unsecured,"TD Securities (USA) LLC; Goldman Sachs & Co. LLC; Mizuho Securities USA LLC; Morgan Stanley & Co. LLC; NatWest Markets Securities Inc.; Truist Securities, Inc.",,Margin: +54 basis points,2026-09-22_toronto-dominion-bank_0001193125-26-397036.txt,https://www.sec.gov/Archives/edgar/data/947263/000119312526397036/d942692dfwp.htm,
The Toronto-Dominion Bank,Financials,2026-09-21,2026-09-28,USD,1000.0,1000.0,5.198,fixed,2028-09-28,,2.0,2.0,1-3y,"UST 4.125% due August 31, 2028",UST,45.0,5.198,100.0,A2,A-,AA-,A,6.0,IG,senior unsecured,"TD Securities (USA) LLC; Goldman Sachs & Co. LLC; Mizuho Securities USA LLC; Morgan Stanley & Co. LLC; NatWest Markets Securities Inc.; Truist Securities, Inc.",,Spread to Treasury Benchmark: +45 basis points,2026-09-22_toronto-dominion-bank_0001193125-26-397040.txt,https://www.sec.gov/Archives/edgar/data/947263/000119312526397040/d170588dfwp.htm,
The Toronto-Dominion Bank,Financials,2026-09-21,2026-09-28,USD,1100.0,1100.0,5.473,fixed,2031-09-29,,5.0,5.0,5y,UST 4.375% due 2031-08-31,UST,65.0,5.473,100.0,A2,A-,AA-,A,6.0,IG,senior unsecured,"TD Securities (USA) LLC; Goldman Sachs & Co. LLC; Mizuho Securities USA LLC; Morgan Stanley & Co. LLC; NatWest Markets Securities Inc.; Truist Securities, Inc.",,Spread to Treasury Benchmark: +65 basis points,2026-09-22_toronto-dominion-bank_0001193125-26-397038.txt,https://www.sec.gov/Archives/edgar/data/947263/000119312526397038/d165159dfwp.htm,
The Toronto-Dominion Bank,Financials,2026-09-21,2026-09-28,USD,1250.0,1250.0,5.801,fixed,2036-09-29,,10.0,10.0,10y,"UST 4.625% due August 15, 2036",UST,85.0,5.801,100.0,A2,A-,AA-,A,6.0,IG,senior unsecured,"TD Securities (USA) LLC; Goldman Sachs & Co. LLC; Mizuho Securities USA LLC; Morgan Stanley & Co. LLC; NatWest Markets Securities Inc.; Truist Securities, Inc.",,Spread to Treasury Benchmark: +85 basis points,2026-09-22_toronto-dominion-bank_0001193125-26-397041.txt,https://www.sec.gov/Archives/edgar/data/947263/000119312526397041/d177977dfwp.htm,
"DICK'S Sporting Goods, Inc.",Consumer,2026-09-22,2026-09-25,USD,400.0,400.0,6.2,fixed,2036-09-25,2036-06-25,10.0,10.0,10y,"UST 4.625% due August 15, 2036",UST,125.0,6.22,99.853,Baa2,BBB,,BBB,9.0,IG,senior unsecured,"BofA Securities, Inc.; Wells Fargo Securities, LLC; PNC Capital Markets LLC; U.S. Bancorp Investments, Inc.; Goldman Sachs & Co. LLC",,+125 basis points,2026-09-22_dick-s-sporting-goods-inc_0001140361-26-037339.txt,https://www.sec.gov/Archives/edgar/data/1089063/000114036126037339/ef20082617_fwp.htm,
"DICK'S Sporting Goods, Inc.",Consumer,2026-09-22,2026-09-25,USD,600.0,600.0,6.9,fixed,2056-09-25,2056-03-25,30.0,30.0,30y+,"UST 5.000% due May 15, 2056",UST,160.0,6.903,99.962,Baa2,BBB,,BBB,9.0,IG,senior unsecured,"BofA Securities, Inc.; Wells Fargo Securities, LLC; PNC Capital Markets LLC; U.S. Bancorp Investments, Inc.; Goldman Sachs & Co. LLC",,+160 basis points,2026-09-22_dick-s-sporting-goods-inc_0001140361-26-037339.txt,https://www.sec.gov/Archives/edgar/data/1089063/000114036126037339/ef20082617_fwp.htm,
Canadian Imperial Bank of Commerce,Financials,2026-09-23,2026-09-29,USD,300.0,300.0,,floating,2030-09-27,2029-09-27,3.99,3.99,5y,Compounded SOFR,SOFR,82.0,,100.0,,,,,,Unrated,senior unsecured,"CIBC World Markets Corp.; BNP Paribas Securities Corp.; BofA Securities, Inc.; Deutsche Bank Securities Inc.; Goldman Sachs & Co. LLC; Mizuho Securities USA LLC",General corporate purposes,Margin: +82 basis points,2026-09-23_canadian-imperial-bank-of-commerce-can_0001213900-26-102718.txt,https://www.sec.gov/Archives/edgar/data/1045520/000121390026102718/ea0306472-fwp_canadian.htm,
Canadian Imperial Bank of Commerce,Financials,2026-09-23,2026-09-29,USD,1000.0,1000.0,5.627,fixed-to-floating,2030-09-27,2029-09-27,3.99,3.99,5y,"UST 4.375% due September 15, 2029",UST,65.0,5.627,100.0,,,,,,Unrated,senior unsecured,"CIBC World Markets Corp.; BNP Paribas Securities Corp.; BofA Securities, Inc.; Deutsche Bank Securities Inc.; Goldman Sachs & Co. LLC; Mizuho Securities USA LLC",General corporate purposes,Spread to Benchmark Treasury: +65 basis points,2026-09-23_canadian-imperial-bank-of-commerce-can_0001213900-26-102718.txt,https://www.sec.gov/Archives/edgar/data/1045520/000121390026102718/ea0306472-fwp_canadian.htm,
Exxon Mobil Corporation,Energy,2026-09-23,2026-09-25,USD,185.883,185.9,,floating,2076-09-25,2056-09-25,50.0,30.0,30y+,Compounded SOFR,SOFR,-45.0,,100.0,Aa2,AA-,,AA-,4.0,IG,senior unsecured,"RBC Capital Markets, LLC; Deutsche Bank Securities Inc.; J.P. Morgan Securities LLC; Morgan Stanley & Co. LLC; UBS Securities LLC",,"Floating rate based on Compounded SOFR, minus 0.450%",2026-09-23_exxon-mobil-corp_0001193125-26-399637.txt,https://www.sec.gov/Archives/edgar/data/34088/000119312526399637/d188276dfwp.htm,spread out of range
First Merchants Corporation,Financials,2026-09-23,2026-09-25,USD,100.0,100.0,6.75,fixed-to-floating,2036-10-01,2031-10-01,10.02,5.02,5y,Three-Month Term SOFR,SOFR,202.0,,100.0,,,,,,Unrated,subordinated,Piper Sandler & Co.,"General corporate purposes, including but not limited to repurchasing shares of the Company's common stock",Fixed rate per annum of 6.750%; Floating rate per annum equal to the Benchmark rate (Three-Month Term SOFR) plus 202 basis points,2026-09-23_first-merchants-corp_0001193125-26-399650.txt,https://www.sec.gov/Archives/edgar/data/712534/000119312526399650/d84048dfwp.htm,
Saratoga Investment Corp.,Financials,2026-09-23,2026-09-24,USD,20.080325,20.1,8.0,fixed,2031-08-31,2028-08-26,4.93,1.92,1-3y,,,,8.25,99.6,,,,,,Unrated,senior unsecured,"Lucid Capital Markets, LLC; Oppenheimer & Co. Inc.",,Yield to Maturity: 8.25%,2026-09-23_saratoga-investment-corp_0001213900-26-102618.txt,https://www.sec.gov/Archives/edgar/data/1377936/000121390026102618/ea0306402-fwp_saratoga.htm,
The Republic of Türkiye,Government & Agency,2026-09-23,2026-09-30,USD,1500.0,1500.0,7.5,fixed,2037-01-30,,10.34,10.34,10y,"UST 4.625% due August 15, 2036",UST,252.8,7.65,98.957,,,,,,Unrated,,BNP PARIBAS; Citigroup Global Markets Limited; ING Bank N.V.; J.P. Morgan Securities plc,,SPREAD TO BENCHMARK US TREASURY: 252.8 bps,2026-09-23_republic-of-turkey_0001193125-26-399379.txt,https://www.sec.gov/Archives/edgar/data/869687/000119312526399379/d138868dfwp.htm,
"Kyndryl Holdings, Inc.",Industrials,2026-09-24,2026-09-28,USD,600.0,600.0,7.8,fixed,2029-09-28,2029-08-28,3.0,3.0,1-3y,"UST 4.375% due September 15, 2029",UST,287.5,7.866,99.827,Baa3,BBB-,BBB,BBB-,10.0,IG,senior unsecured,"J.P. Morgan Securities LLC; Citigroup Global Markets Inc.; Morgan Stanley & Co. LLC; Mizuho Securities USA LLC; MUFG Securities Americas Inc.; Scotia Capital (USA) Inc.; SMBC Nikko Securities America, Inc.","The issuer intends to use the net proceeds to repay at maturity the $700 million outstanding aggregate principal amount of its 2.05% senior notes due October 2026, and to repay the Outstanding Balance under its Revolving Credit Agreement.",2029 Notes: 287.5 basis points; Yield to Maturity: 7.866%,2026-09-24_kyndryl-holdings-inc_0001104659-26-110423.txt,https://www.sec.gov/Archives/edgar/data/1867072/000110465926110423/tm2625717d3_fwp.htm,
"Kyndryl Holdings, Inc.",Industrials,2026-09-24,2026-09-28,USD,400.0,400.0,7.875,fixed,2032-01-15,2031-12-15,5.3,5.3,5y,"UST 4.375% due August 31, 2031",UST,312.5,8.158,98.821,Baa3,BBB-,BBB,BBB-,10.0,IG,senior unsecured,"J.P. Morgan Securities LLC; Citigroup Global Markets Inc.; Morgan Stanley & Co. LLC; Mizuho Securities USA LLC; MUFG Securities Americas Inc.; Scotia Capital (USA) Inc.; SMBC Nikko Securities America, Inc.","The issuer intends to use the net proceeds to repay at maturity the $700 million outstanding aggregate principal amount of its 2.05% senior notes due October 2026, and to repay the Outstanding Balance under its Revolving Credit Agreement.",2032 Notes: 312.5 basis points; Yield to Maturity: 8.158%,2026-09-24_kyndryl-holdings-inc_0001104659-26-110423.txt,https://www.sec.gov/Archives/edgar/data/1867072/000110465926110423/tm2625717d3_fwp.htm,
"Viking Therapeutics, Inc.",Healthcare,2026-09-24,2026-09-25,USD,225.0,225.0,2.0,fixed,2032-10-15,2029-10-22,6.06,3.07,1-3y,,,,,100.0,,,,,,Unrated,senior unsecured,Morgan Stanley & Co. LLC; J.P. Morgan Securities LLC; Jefferies LLC; Leerink Partners LLC; William Blair & Company L.L.C.,"Continued clinical development, advancement and commercialization of VK2735 program, continued clinical development and advancement of VK3019 program, and general research and development, working capital and general corporate purposes.","2.00% Convertible Senior Notes due 2032, Public Offering Price 100% of the principal amount",2026-09-24_viking-therapeutics-inc_0001213900-26-102798.txt,https://www.sec.gov/Archives/edgar/data/1607678/000121390026102798/ea0306515-fwp_viking.htm,
Runway Growth Finance Corp.,Financials,2026-09-25,2026-10-01,USD,45.0,45.0,7.75,fixed,2031-10-01,2028-10-01,5.0,2.0,1-3y,,,,,100.0,,,,,,Unrated,,"Oppenheimer & Co. Inc.; B. Riley Securities, Inc.; Lucid Capital Markets, LLC; MUFG Securities Americas Inc.","The Company intends to use the net proceeds to repay outstanding indebtedness including under its Credit Facility with KeyBank National Association and to redeem all of its outstanding 9.00% Senior Notes due 2027, and for general corporate purposes.",,2026-09-25_runway-growth-finance-corp_0001193125-26-401325.txt,https://www.sec.gov/Archives/edgar/data/1653384/000119312526401325/sept_2026_baby_bonds_fwp.htm,
Burke & Herbert Financial Services Corp.,Financials,2026-09-28,2026-09-30,USD,100.0,100.0,7.0,fixed-to-floating,2036-10-01,2031-10-01,10.0,5.0,5y,Three-Month Term SOFR plus 222 basis points,SOFR,222.0,,100.0,,,,,,Unrated,subordinated,"Keefe, Bruyette & Woods, Inc.","Repay approximately $42.6 million of outstanding subordinated notes and preferred stock, and provide capital to subsidiary bank.","From and including October 1, 2031, to, but excluding, the maturity date or the date of earlier redemption (the ""floating rate period""), the Notes will bear interest at a floating rate per annum equal to the Three-Month Term SOFR, or such other Benchmark rate, plus 222 basis points for each quarterly interest period during the floating rate period",2026-09-28_burke-herbert-financial-services-corp_0001104659-26-111384.txt,https://www.sec.gov/Archives/edgar/data/1964333/000110465926111384/tm2625875d3_fwp.htm,
The Kroger Co.,Consumer,2026-09-28,2026-10-05,USD,650.0,650.0,5.8,fixed,2032-02-15,2032-01-15,5.36,5.36,5y,"UST 5.000% due September 30, 2031",UST,75.0,5.809,99.967,Baa1,BBB,,BBB,9.0,IG,senior unsecured,"Citigroup Global Markets Inc.; Mizuho Securities USA LLC; Wells Fargo Securities, LLC; J.P. Morgan Securities LLC; Truist Securities, Inc.; Goldman Sachs & Co. LLC",,T + 75 basis points,2026-09-28_kroger-co_0001104659-26-111397.txt,https://www.sec.gov/Archives/edgar/data/56873/000110465926111397/tm2625941d3_fwp.htm,
The Kroger Co.,Consumer,2026-09-28,2026-10-05,USD,850.0,850.0,6.2,fixed,2036-11-01,2036-08-01,10.08,10.08,10y,"UST 4.625% due August 15, 2036",UST,100.0,6.232,99.756,Baa1,BBB,,BBB,9.0,IG,senior unsecured,"Citigroup Global Markets Inc.; Mizuho Securities USA LLC; Wells Fargo Securities, LLC; J.P. Morgan Securities LLC; Truist Securities, Inc.; Goldman Sachs & Co. LLC",,T + 100 basis points,2026-09-28_kroger-co_0001104659-26-111397.txt,https://www.sec.gov/Archives/edgar/data/56873/000110465926111397/tm2625941d3_fwp.htm,
